{"cameraMode":{"drawMode":0,"name":"Shaded","section":"Shading Mode"},"sceneLighting":false,"audioPlay":false,"sceneViewState":{"m_AlwaysRefresh":false,"showFog":false,"showSkybox":false,"showFlares":false,"showImageEffects":false,"showParticleSystems":false,"showVisualEffectGraphs":true,"m_FxEnabled":true},"in2DMode":false,"pivot":{"x":-0.005209565162658691,"y":0.9056491851806641,"z":0.04294860363006592},"rotation":{"x":0.06348595023155213,"y":-0.7074414491653442,"z":0.06405364722013474,"w":0.7010357975959778},"size":1.3543717861175538,"orthographic":false}