{"cameraMode":{"drawMode":0,"name":"Shaded","section":"Shading Mode"},"sceneLighting":true,"audioPlay":false,"sceneViewState":{"m_AlwaysRefresh":false,"showFog":true,"showSkybox":true,"showFlares":true,"showImageEffects":true,"showParticleSystems":true,"showVisualEffectGraphs":true,"m_FxEnabled":true},"in2DMode":false,"pivot":{"x":-0.28900521993637087,"y":5.2834086418151859,"z":0.4819285273551941},"rotation":{"x":0.21151582896709443,"y":-0.5421472191810608,"z":0.1432335376739502,"w":0.8005555868148804},"size":1.3610790967941285,"orthographic":false}